{
  "prepare_queue": {
    "installed": [],
    "uninstalled": []
  },
  "config_munge": {
    "files": {
      "AndroidManifest.xml": {
        "parents": {
          "/manifest": [
            {
              "xml": "<uses-permission android:name=\"android.permission.ACCESS_NETWORK_STATE\" />",
              "count": 1
            },
            {
              "xml": "<uses-permission android:name=\"android.permission.GET_ACCOUNTS\" />",
              "count": 1
            },
            {
              "xml": "<uses-permission android:name=\"android.permission.WAKE_LOCK\" />",
              "count": 1
            },
            {
              "xml": "<uses-permission android:name=\"android.permission.VIBRATE\" />",
              "count": 1
            }
          ],
          "/manifest/application": [
            {
              "xml": "<activity android:launchMode=\"singleTop\" android:name=\"com.gae.scaffolder.plugin.FCMPluginActivity\"><intent-filter><action android:name=\"FCM_PLUGIN_ACTIVITY\" /><category android:name=\"android.intent.category.DEFAULT\" /></intent-filter></activity>",
              "count": 1
            },
            {
              "xml": "<service android:name=\"com.gae.scaffolder.plugin.MyFirebaseMessagingService\" android:stopWithTask=\"false\"><intent-filter><action android:name=\"com.google.firebase.MESSAGING_EVENT\" /></intent-filter></service>",
              "count": 1
            },
            {
              "xml": "<meta-data android:name=\"com.google.firebase.messaging.default_notification_icon\" android:resource=\"@mipmap/ic_launcher\" />",
              "count": 1
            },
            {
              "xml": "<activity android:configChanges=\"orientation|screenSize\" android:exported=\"true\" android:name=\"com.marketo.MarketoActivity\"><intent-filter android:label=\"MarketoActivity\"><action android:name=\"android.intent.action.VIEW\" /><category android:name=\"android.intent.category.DEFAULT\" /><category android:name=\"android.intent.category.BROWSABLE\" /><data android:host=\"add_test_device\" android:scheme=\"mkto\" /></intent-filter></activity>",
              "count": 1
            }
          ]
        }
      },
      "res/xml/config.xml": {
        "parents": {
          "/*": [
            {
              "xml": "<feature name=\"FCMPlugin\"><param name=\"android-package\" value=\"com.gae.scaffolder.plugin.FCMPlugin\" /><param name=\"onload\" value=\"true\" /></feature>",
              "count": 1
            },
            {
              "xml": "<feature name=\"MarketoPlugin\"><param name=\"android-package\" value=\"com.marketo.plugin.MarketoPlugin\" /></feature>",
              "count": 1
            }
          ]
        }
      },
      "config.xml": {
        "parents": {
          "/*": [
            {
              "xml": "<platform name=\"android\"><preference name=\"AndroidXEnabled\" value=\"true\" /></platform>",
              "count": 1
            }
          ]
        }
      }
    }
  },
  "installed_plugins": {
    "cordova-plugin-fcm-with-dependecy-updated": {
      "ANDROID_DEFAULT_NOTIFICATION_ICON": "@mipmap/ic_launcher",
      "ANDROID_FCM_VERSION": "21.0.0",
      "ANDROID_FIREBASE_BOM_VERSION": "26.0.0",
      "ANDROID_GOOGLE_SERVICES_VERSION": "4.3.4",
      "ANDROID_GRADLE_TOOLS_VERSION": "4.1.0",
      "PACKAGE_NAME": "com.example.myapplication"
    },
    "com.marketo.plugin": {
      "APPLICATION_SECRET_KEY": "ZjRWbG03UTV2alVBU0x0V01CaDFyR3lk",
      "PACKAGE_NAME": "com.example.myapplication"
    }
  },
  "dependent_plugins": {},
  "modules": [
    {
      "id": "cordova-plugin-fcm-with-dependecy-updated.FCMPlugin",
      "file": "plugins/cordova-plugin-fcm-with-dependecy-updated/www/FCMPlugin.js",
      "pluginId": "cordova-plugin-fcm-with-dependecy-updated",
      "clobbers": [
        "FCM"
      ]
    },
    {
      "id": "com.marketo.plugin.MarketoPlugin",
      "file": "plugins/com.marketo.plugin/www/marketo.js",
      "pluginId": "com.marketo.plugin",
      "clobbers": [
        "window.marketo"
      ]
    }
  ],
  "plugin_metadata": {
    "cordova-plugin-fcm-with-dependecy-updated": "7.8.0",
    "com.marketo.plugin": "0.9.1"
  }
}
